date,sales,weekday,month,is_holiday
2020-01-01,947.9398054505555,3,1,0
2020-01-02,1054.309433491454,4,1,0
2020-01-03,1020.8108916249249,5,1,0
2020-01-04,933.5655069843274,6,1,1
2020-01-05,982.1664672753178,7,1,1
2020-01-06,1095.881996599601,1,1,0
2020-01-07,894.1868423202816,2,1,0
2020-01-08,996.2822457685176,3,1,0
2020-01-09,1083.227695001705,4,1,0
2020-01-10,978.7922943048926,5,1,0
2020-01-11,990.3783634032218,6,1,1
2020-01-12,1021.7750015400173,7,1,1
2020-01-13,1103.2616326066309,1,1,0
2020-01-14,998.9221767663624,2,1,0
2020-01-15,1010.8362315293155,3,1,0
2020-01-16,1013.4782519724846,4,1,0
2020-01-17,1147.6447474243337,5,1,0
2020-01-18,1148.8314269143182,6,1,1
2020-01-19,1091.8296610631803,7,1,1
2020-01-20,1063.0616099181543,1,1,0
2020-01-21,1082.7360410124493,2,1,0
2020-01-22,1122.5090556966074,3,1,0
2020-01-23,1003.2746472042411,4,1,0
2020-01-24,1110.9402511597025,5,1,0
2020-01-25,991.5253268737811,6,1,1
2020-01-26,1024.3899841323725,7,1,1
2020-01-27,1103.6781939640562,1,1,0
2020-01-28,988.9209920789867,2,1,0
2020-01-29,1055.3699480021455,3,1,0
2020-01-30,1021.2898102230135,4,1,0
2020-01-31,1053.5861258586806,5,1,0
2020-02-01,928.4121054635189,6,2,1
2020-02-02,981.7238619283377,7,2,1
2020-02-03,1037.2496695868663,1,2,0
2020-02-04,1120.5432972170408,2,2,0
2020-02-05,1067.3982432058694,3,2,0
2020-02-06,1078.114964490917,4,2,0
2020-02-07,1114.2588225666268,5,2,0
2020-02-08,1037.727857693634,6,2,1
2020-02-09,1097.7245962793822,7,2,1
2020-02-10,1045.0946302002174,1,2,0
2020-02-11,1000.7799871181975,2,2,0
2020-02-12,1069.3993721955394,3,2,0
2020-02-13,1119.3955698426196,4,2,0
2020-02-14,1109.375285255155,5,2,0
2020-02-15,1093.5741375042367,6,2,1
2020-02-16,1215.4826671264775,7,2,1
2020-02-17,1118.1873103118376,1,2,0
2020-02-18,1148.134009066523,2,2,0
2020-02-19,1212.737747772754,3,2,0
2020-02-20,1037.7372165303314,4,2,0
2020-02-21,1052.09017459683,5,2,0
2020-02-22,1192.7801769318244,6,2,1
2020-02-23,1067.2329720554144,7,2,1
2020-02-24,1110.1380674159027,1,2,0
2020-02-25,1163.6134538014587,2,2,0
2020-02-26,1156.1523822012393,3,2,0
2020-02-27,1200.8061496625032,4,2,0
2020-02-28,1189.2639160044262,5,2,0
2020-02-29,1169.3460293128671,6,2,1
2020-03-01,1078.6101997606002,7,3,1
2020-03-02,1158.3323039040852,1,3,0
2020-03-03,1135.6203507196797,2,3,0
2020-03-04,1054.884861648932,3,3,0
2020-03-05,1193.328039289067,4,3,0
2020-03-06,1164.0632080091918,5,3,0
2020-03-07,1127.1873028500884,6,3,1
2020-03-08,1114.4425257224427,7,3,1
2020-03-09,1067.3391111228805,1,3,0
2020-03-10,1138.359926560224,2,3,0
2020-03-11,1152.9075617664716,3,3,0
2020-03-12,1089.0018895305502,4,3,0
2020-03-13,1189.7158540844916,5,3,0
2020-03-14,1077.763330335039,6,3,1
2020-03-15,1027.457960885108,7,3,1
2020-03-16,1186.5603483101206,1,3,0
2020-03-17,1115.3380902800452,2,3,0
2020-03-18,1130.1085662515911,3,3,0
2020-03-19,1095.408998009313,4,3,0
2020-03-20,1057.8325089912908,5,3,0
2020-03-21,1201.7092504114203,6,3,1
2020-03-22,1105.2914950470524,7,3,1
2020-03-23,1223.5408739161323,1,3,0
2020-03-24,1181.5876302523297,2,3,0
2020-03-25,1126.1838833535223,3,3,0
2020-03-26,1088.2967795583745,4,3,0
2020-03-27,1106.6093979747925,5,3,0
2020-03-28,1083.217385560798,6,3,1
2020-03-29,1248.7806691033775,7,3,1
2020-03-30,1153.1989117094804,1,3,0
2020-03-31,1203.0093511009507,2,3,0
2020-04-01,1082.6240634149624,3,4,0
2020-04-02,1155.5063845485859,4,4,0
2020-04-03,1205.7810684989322,5,4,0
2020-04-04,1130.5411779898884,6,4,1
2020-04-05,1199.221613121504,7,4,1
2020-04-06,1093.7821355097813,1,4,0
2020-04-07,1080.1521076958122,2,4,0
2020-04-08,1167.5814370032522,3,4,0
2020-04-09,1129.9089372946066,4,4,0
2020-04-10,1181.1975494599747,5,4,0
2020-04-11,1050.3982586219759,6,4,1
2020-04-12,1185.074600938075,7,4,1
2020-04-13,1279.5162514267026,1,4,0
2020-04-14,1148.4805205913322,2,4,0
2020-04-15,1151.5008847478987,3,4,0
2020-04-16,1158.8245290883488,4,4,0
2020-04-17,1056.7729961591403,5,4,0
2020-04-18,1171.1754316475601,6,4,1
2020-04-19,1069.565670800419,7,4,1
2020-04-20,1128.392134432852,1,4,0
2020-04-21,1211.83161210973,2,4,0
2020-04-22,1112.8115452987943,3,4,0
2020-04-23,1174.4915216976792,4,4,0
2020-04-24,1199.8953153037578,5,4,0
2020-04-25,1162.9975058142218,6,4,1
2020-04-26,1080.288156727738,7,4,1
2020-04-27,1131.9601653059203,1,4,0
2020-04-28,1246.2762993823635,2,4,0
2020-04-29,1046.74893224748,3,4,0
2020-04-30,1133.8813311776232,4,4,0
2020-05-01,1119.7088092305858,5,5,0
2020-05-02,1152.9695851298397,6,5,1
2020-05-03,1183.9356865946677,7,5,1
2020-05-04,1226.5270963429664,1,5,0
2020-05-05,1132.123800271933,2,5,0
2020-05-06,1185.7708716434327,3,5,0
2020-05-07,1169.635001875353,4,5,0
2020-05-08,1167.8356512718515,5,5,0
2020-05-09,1115.3687889315477,6,5,1
2020-05-10,1093.122330697909,7,5,1
2020-05-11,1087.3867056480194,1,5,0
2020-05-12,1103.9448222832448,2,5,0
2020-05-13,1157.206529878171,3,5,0
2020-05-14,1178.5032250650652,4,5,0
2020-05-15,1155.9411337604408,5,5,0
2020-05-16,1111.6106062009308,6,5,1
2020-05-17,1228.6266281853214,7,5,1
2020-05-18,1213.5206221292788,1,5,0
2020-05-19,1119.1063807838448,2,5,0
2020-05-20,1094.8440654216251,3,5,0
2020-05-21,1141.7162190315548,4,5,0
2020-05-22,1197.741213712301,5,5,0
2020-05-23,1150.1667088590386,6,5,1
2020-05-24,1160.4898415679943,7,5,1
2020-05-25,1121.1745191154662,1,5,0
2020-05-26,1153.6907715505438,2,5,0
2020-05-27,1207.1861488138247,3,5,0
2020-05-28,1117.0406047801794,4,5,0
2020-05-29,1135.238391441587,5,5,0
2020-05-30,1139.7970629290667,6,5,1
2020-05-31,1140.3104491331296,7,5,1
2020-06-01,1054.5328269073075,1,6,0
2020-06-02,1030.2725179736915,2,6,0
2020-06-03,1072.107915804754,3,6,0
2020-06-04,1130.4489932051329,4,6,0
2020-06-05,1148.692842297116,5,6,0
2020-06-06,1093.401867892881,6,6,1
2020-06-07,1187.721901809012,7,6,1
2020-06-08,1110.6119978040872,1,6,0
2020-06-09,1117.687172984708,2,6,0
2020-06-10,1105.8630377394402,3,6,0
2020-06-11,1121.1421878597862,4,6,0
2020-06-12,1148.534407795763,5,6,0
2020-06-13,1145.4539538229658,6,6,1
2020-06-14,1066.1019204894421,7,6,1
2020-06-15,1186.0497380967272,1,6,0
2020-06-16,1053.9508951767477,2,6,0
2020-06-17,1111.4919177275917,3,6,0
2020-06-18,1092.632262867862,4,6,0
2020-06-19,1052.7177051134333,5,6,0
2020-06-20,1100.2206291738646,6,6,1
2020-06-21,1065.7400126292318,7,6,1
2020-06-22,1105.2252818557902,1,6,0
2020-06-23,1120.5291158062264,2,6,0
2020-06-24,1172.762369160833,3,6,0
2020-06-25,1113.3228859130904,4,6,0
2020-06-26,1066.1773809081049,5,6,0
2020-06-27,1075.940337200599,6,6,1
2020-06-28,1101.3011286061812,7,6,1
2020-06-29,1097.7548854958209,1,6,0
2020-06-30,1164.8401631002898,2,6,0
2020-07-01,1160.4069467989789,3,7,0
2020-07-02,1071.4713596651736,4,7,0
2020-07-03,1060.765670290237,5,7,0
2020-07-04,959.1259420600279,6,7,1
2020-07-05,1058.3153314105425,7,7,1
2020-07-06,1035.6434397140658,1,7,0
2020-07-07,1065.5928763830898,2,7,0
2020-07-08,1101.7043943722474,3,7,0
2020-07-09,1089.779696767962,4,7,0
2020-07-10,1078.2208983537712,5,7,0
2020-07-11,1088.5024469818693,6,7,1
2020-07-12,1071.0268223590929,7,7,1
2020-07-13,1085.998855083194,1,7,0
2020-07-14,913.4166825809732,2,7,0
2020-07-15,1060.3331074643688,3,7,0
2020-07-16,1067.090914674549,4,7,0
2020-07-17,1054.413846669749,5,7,0
2020-07-18,1059.431404967504,6,7,1
2020-07-19,1104.354801796754,7,7,1
2020-07-20,1038.1538852105057,1,7,0
2020-07-21,1176.9738736937832,2,7,0
2020-07-22,1100.2434734381275,3,7,0
2020-07-23,1064.4138409339098,4,7,0
2020-07-24,1053.307857174475,5,7,0
2020-07-25,1058.238289799331,6,7,1
2020-07-26,1015.7346125058457,7,7,1
2020-07-27,1055.68799460205,1,7,0
2020-07-28,1073.3435064855069,2,7,0
2020-07-29,1087.361130011275,3,7,0
2020-07-30,1086.3572182463477,4,7,0
2020-07-31,1042.6319413271258,5,7,0
2020-08-01,984.5896482723182,6,8,1
2020-08-02,1020.9718638721343,7,8,1
2020-08-03,1134.0856082865544,1,8,0
2020-08-04,1097.3439894294797,2,8,0
2020-08-05,1070.1037525247764,3,8,0
2020-08-06,1012.6567625327464,4,8,0
2020-08-07,1050.0198514261967,5,8,0
2020-08-08,986.1881057205433,6,8,1
2020-08-09,1020.5268747556129,7,8,1
2020-08-10,1035.0343615920838,1,8,0
2020-08-11,1028.402367685831,2,8,0
2020-08-12,1093.5237101314472,3,8,0
2020-08-13,973.9863633505258,4,8,0
2020-08-14,1000.9002637355446,5,8,0
2020-08-15,974.7072404381712,6,8,1
2020-08-16,980.8646479980112,7,8,1
2020-08-17,1048.2470394136838,1,8,0
2020-08-18,961.3557722623268,2,8,0
2020-08-19,1078.4267561886809,3,8,0
2020-08-20,1027.770349873892,4,8,0
2020-08-21,1042.9510124895949,5,8,0
2020-08-22,1055.063851391989,6,8,1
2020-08-23,1016.673387609159,7,8,1
2020-08-24,1089.4759911555745,1,8,0
2020-08-25,1027.6290585190266,2,8,0
2020-08-26,1066.5680928895626,3,8,0
2020-08-27,1026.4518329202738,4,8,0
2020-08-28,1050.51881363594,5,8,0
2020-08-29,1049.5509165329154,6,8,1
2020-08-30,1047.6842841677853,7,8,1
2020-08-31,986.1139756480219,1,8,0
2020-09-01,1056.2925681300185,2,9,0
2020-09-02,1018.246418282071,3,9,0
2020-09-03,1065.440472451005,4,9,0
2020-09-04,926.0397475469165,5,9,0
2020-09-05,960.1837258878307,6,9,1
2020-09-06,1051.4139155008122,7,9,1
2020-09-07,1126.2173070359522,1,9,0
2020-09-08,1074.680544236764,2,9,0
2020-09-09,998.6893186604578,3,9,0
2020-09-10,948.12126489206,4,9,0
2020-09-11,1069.7981530568636,5,9,0
2020-09-12,1028.6027392348078,6,9,1
2020-09-13,1062.1634291959897,7,9,1
2020-09-14,1038.4178812541247,1,9,0
2020-09-15,1034.1883679536184,2,9,0
2020-09-16,1180.7194526317526,3,9,0
2020-09-17,1032.5924468844842,4,9,0
2020-09-18,1025.0763703727878,5,9,0
2020-09-19,1027.1349110318006,6,9,1
2020-09-20,1004.2283491682341,7,9,1
2020-09-21,1083.1388857125314,1,9,0
2020-09-22,1016.2008769115871,2,9,0
2020-09-23,1065.971450355488,3,9,0
2020-09-24,1048.7196203806081,4,9,0
2020-09-25,1095.7834029312044,5,9,0
2020-09-26,1056.2172637628787,6,9,1
2020-09-27,974.9427893941144,7,9,1
2020-09-28,969.7209826785672,1,9,0
2020-09-29,1106.9267914383713,2,9,0
2020-09-30,1006.5653858631589,3,9,0
2020-10-01,971.4930208125284,4,10,0
2020-10-02,1004.5940688825438,5,10,0
2020-10-03,1101.887722232844,6,10,1
2020-10-04,968.256852741759,7,10,1
2020-10-05,996.5833401973016,1,10,0
2020-10-06,1007.2378338707788,2,10,0
2020-10-07,978.718285384547,3,10,0
2020-10-08,982.7903835656815,4,10,0
2020-10-09,966.8596569974185,5,10,0
2020-10-10,1020.4932476679546,6,10,1
2020-10-11,1026.6239113858348,7,10,1
2020-10-12,1011.088258139269,1,10,0
2020-10-13,963.4050625343759,2,10,0
2020-10-14,1109.6604051576492,3,10,0
2020-10-15,981.4720647759065,4,10,0
2020-10-16,1062.7887072139135,5,10,0
2020-10-17,996.1381876848657,6,10,1
2020-10-18,1084.310191707561,7,10,1
2020-10-19,1099.731979015644,1,10,0
2020-10-20,1009.1337148744277,2,10,0
2020-10-21,957.9304906328513,3,10,0
2020-10-22,1090.0351975990607,4,10,0
2020-10-23,1150.1928985640184,5,10,0
2020-10-24,1078.3719281760882,6,10,1
2020-10-25,1066.8258397937223,7,10,1
2020-10-26,1101.024943515285,1,10,0
2020-10-27,1099.554607653896,2,10,0
2020-10-28,1021.1438073176132,3,10,0
2020-10-29,1030.9532639507433,4,10,0
2020-10-30,1095.8105420298357,5,10,0
2020-10-31,1059.422936798405,6,10,1
2020-11-01,1133.848570640425,7,11,1
2020-11-02,1034.2210520801143,1,11,0
2020-11-03,1108.4134332068431,2,11,0
2020-11-04,1089.48424373822,3,11,0
2020-11-05,1067.5242159137822,4,11,0
2020-11-06,1134.1594297742627,5,11,0
2020-11-07,1110.9090109676936,6,11,1
2020-11-08,1028.2220572238173,7,11,1
2020-11-09,1112.0694513325986,1,11,0
2020-11-10,1150.4189507268536,2,11,0
2020-11-11,1076.780556781113,3,11,0
2020-11-12,1072.5255051843526,4,11,0
2020-11-13,1053.1532387882326,5,11,0
2020-11-14,1087.6541434880548,6,11,1
2020-11-15,1124.3642015974808,7,11,1
2020-11-16,1050.9113082986958,1,11,0
2020-11-17,1026.2377600798436,2,11,0
2020-11-18,1076.5490426266758,3,11,0
2020-11-19,1028.1507949635643,4,11,0
2020-11-20,1125.117691975114,5,11,0
2020-11-21,1079.4608366562231,6,11,1
2020-11-22,1014.8822207609471,7,11,1
2020-11-23,1087.096955566998,1,11,0
2020-11-24,1096.7892233649154,2,11,0
2020-11-25,1130.786605038874,3,11,0
2020-11-26,1102.9882915255273,4,11,0
2020-11-27,1205.6358056881604,5,11,0
2020-11-28,1088.223246686495,6,11,1
2020-11-29,1113.0129781856745,7,11,1
2020-11-30,1112.9769142708687,1,11,0
2020-12-01,1105.99519676807,2,12,0
2020-12-02,1129.2662521603618,3,12,0
2020-12-03,1151.2386306858425,4,12,0
2020-12-04,1193.2273759217787,5,12,0
2020-12-05,1049.817833369045,6,12,1
2020-12-06,1104.8340573890966,7,12,1
2020-12-07,1110.0450881080271,1,12,0
2020-12-08,1181.420060579018,2,12,0
2020-12-09,1118.7992347286954,3,12,0
2020-12-10,1043.9889303866225,4,12,0
2020-12-11,1145.2595570240924,5,12,0
2020-12-12,1141.3234159573242,6,12,1
2020-12-13,1154.1393350005048,7,12,1
2020-12-14,1095.2960401976154,1,12,0
2020-12-15,1235.4164045426064,2,12,0
2020-12-16,1135.4397342101377,3,12,0
2020-12-17,1144.3930057748998,4,12,0
2020-12-18,1110.98912152268,5,12,0
2020-12-19,1111.6272288219395,6,12,1
2020-12-20,1099.233837594413,7,12,1
2020-12-21,1142.9035753445141,1,12,0
2020-12-22,1116.8930308508418,2,12,0
2020-12-23,1269.8025625713258,3,12,0
2020-12-24,1074.7652112359158,4,12,0
2020-12-25,1114.9869927171655,5,12,0
2020-12-26,1153.5490358969173,6,12,1
2020-12-27,1209.512597182591,7,12,1
2020-12-28,1157.3699947687223,1,12,0
2020-12-29,1214.0768340345653,2,12,0
2020-12-30,1133.1598055354839,3,12,0
2020-12-31,1187.6858923103189,4,12,0
2021-01-01,1274.1442155128163,5,1,0
2021-01-02,1140.7747469373514,6,1,1
2021-01-03,1212.3586264750018,7,1,1
2021-01-04,1203.9428558379075,1,1,0
2021-01-05,1083.23342044535,2,1,0
2021-01-06,1168.5722771664014,3,1,0
2021-01-07,1256.7854724766257,4,1,0
2021-01-08,1209.1847656906632,5,1,0
2021-01-09,1144.0158662733445,6,1,1
2021-01-10,1241.3615346301067,7,1,1
2021-01-11,1185.0543027211443,1,1,0
2021-01-12,1229.1946877044584,2,1,0
2021-01-13,1232.2132823224765,3,1,0
2021-01-14,1159.6005494543401,4,1,0
2021-01-15,1257.1872174901255,5,1,0
2021-01-16,1169.472803226302,6,1,1
2021-01-17,1156.702829148547,7,1,1
2021-01-18,1179.9855167831345,1,1,0
2021-01-19,1208.9477882662518,2,1,0
2021-01-20,1233.8377700397002,3,1,0
2021-01-21,1191.8432676704454,4,1,0
2021-01-22,1269.8073062441165,5,1,0
2021-01-23,1247.222008122777,6,1,1
2021-01-24,1201.9794495059566,7,1,1
2021-01-25,1283.227205134786,1,1,0
2021-01-26,1298.876352056365,2,1,0
2021-01-27,1237.9207922498094,3,1,0
2021-01-28,1234.1242317633842,4,1,0
2021-01-29,1158.18898735318,5,1,0
2021-01-30,1228.4914647656371,6,1,1
2021-01-31,1236.2662251082868,7,1,1
2021-02-01,1265.0694875168147,1,2,0
2021-02-02,1246.3222097352382,2,2,0
2021-02-03,1268.8715225361366,3,2,0
2021-02-04,1335.2845418105733,4,2,0
2021-02-05,1233.9769637643926,5,2,0
2021-02-06,1237.79907288322,6,2,1
2021-02-07,1198.7464091289578,7,2,1
2021-02-08,1265.6102067519384,1,2,0
2021-02-09,1316.7036052269787,2,2,0
2021-02-10,1182.1099443646094,3,2,0
2021-02-11,1238.1515135323252,4,2,0
2021-02-12,1275.0023018475626,5,2,0
2021-02-13,1317.4509768813866,6,2,1
2021-02-14,1295.8091741795208,7,2,1
2021-02-15,1294.6375852386977,1,2,0
2021-02-16,1268.8260629978536,2,2,0
2021-02-17,1305.7909216205912,3,2,0
2021-02-18,1334.0457750245293,4,2,0
2021-02-19,1199.4918938609335,5,2,0
2021-02-20,1322.9563551488343,6,2,1
2021-02-21,1283.1565753823422,7,2,1
2021-02-22,1263.1366656067419,1,2,0
2021-02-23,1169.0001166067705,2,2,0
2021-02-24,1223.6300891475264,3,2,0
2021-02-25,1379.0200122489434,4,2,0
2021-02-26,1261.13441394027,5,2,0
2021-02-27,1242.7432705900985,6,2,1
2021-02-28,1275.5550980204007,7,2,1
2021-03-01,1262.4882743800301,1,3,0
2021-03-02,1307.30710214537,2,3,0
2021-03-03,1378.255434906667,3,3,0
2021-03-04,1274.367337103344,4,3,0
2021-03-05,1312.6775894928178,5,3,0
2021-03-06,1248.8395242182519,6,3,1
2021-03-07,1383.4211209288599,7,3,1
2021-03-08,1318.0493008923688,1,3,0
2021-03-09,1255.6632121933885,2,3,0
2021-03-10,1356.0990338890247,3,3,0
2021-03-11,1371.9849882233202,4,3,0
2021-03-12,1321.1324569130961,5,3,0
2021-03-13,1232.1358032524768,6,3,1
2021-03-14,1404.3819233350143,7,3,1
2021-03-15,1331.6191044185566,1,3,0
2021-03-16,1375.5967086335581,2,3,0
2021-03-17,1290.4617319292936,3,3,0
2021-03-18,1298.978849280547,4,3,0
2021-03-19,1325.307489615094,5,3,0
2021-03-20,1376.3007309289549,6,3,1
2021-03-21,1328.5968830835673,7,3,1
2021-03-22,1259.3932536127145,1,3,0
2021-03-23,1336.0927093479024,2,3,0
2021-03-24,1405.1989306673315,3,3,0
2021-03-25,1327.7121048125368,4,3,0
2021-03-26,1331.561175803542,5,3,0
2021-03-27,1262.6053101716245,6,3,1
2021-03-28,1256.1940877294144,7,3,1
2021-03-29,1295.0403941833063,1,3,0
2021-03-30,1311.150967867053,2,3,0
2021-03-31,1333.202110724133,3,3,0
2021-04-01,1336.7895145891825,4,4,0
2021-04-02,1409.050010619582,5,4,0
2021-04-03,1332.3223434809988,6,4,1
2021-04-04,1383.0128505070847,7,4,1
2021-04-05,1328.199423443171,1,4,0
2021-04-06,1402.9557116913577,2,4,0
2021-04-07,1237.3058109893814,3,4,0
2021-04-08,1301.174818065424,4,4,0
2021-04-09,1380.5194288361963,5,4,0
2021-04-10,1323.0150147335473,6,4,1
2021-04-11,1378.3691358673966,7,4,1
2021-04-12,1351.2146743034127,1,4,0
2021-04-13,1379.3949042488885,2,4,0
2021-04-14,1362.8652060643485,3,4,0
2021-04-15,1365.976224993094,4,4,0
2021-04-16,1406.9698242139923,5,4,0
2021-04-17,1381.6954826337767,6,4,1
2021-04-18,1382.058435019865,7,4,1
2021-04-19,1333.357095940496,1,4,0
2021-04-20,1303.1836038481986,2,4,0
2021-04-21,1299.2101302159283,3,4,0
2021-04-22,1369.6196229632822,4,4,0
2021-04-23,1210.0060440170582,5,4,0
2021-04-24,1266.3994531907251,6,4,1
2021-04-25,1283.3977787154822,7,4,1
2021-04-26,1318.9545112977876,1,4,0
2021-04-27,1199.5120272330741,2,4,0
2021-04-28,1393.741797392416,3,4,0
2021-04-29,1360.5099822138332,4,4,0
2021-04-30,1429.3997517938603,5,4,0
2021-05-01,1382.92493625113,6,5,1
2021-05-02,1380.951183532584,7,5,1
2021-05-03,1441.5587072868498,1,5,0
2021-05-04,1300.044643598992,2,5,0
2021-05-05,1252.9624999099212,3,5,0
2021-05-06,1316.0359353199547,4,5,0
2021-05-07,1285.8983919397365,5,5,0
2021-05-08,1313.776018327039,6,5,1
2021-05-09,1273.5540359949669,7,5,1
2021-05-10,1353.882407509404,1,5,0
2021-05-11,1350.5380037589905,2,5,0
2021-05-12,1322.9205532247872,3,5,0
2021-05-13,1339.2012762540037,4,5,0
2021-05-14,1315.8532190521898,5,5,0
2021-05-15,1359.8693747809602,6,5,1
2021-05-16,1325.0403984849856,7,5,1
2021-05-17,1307.555841443909,1,5,0
2021-05-18,1366.5565644448372,2,5,0
2021-05-19,1382.3474498826915,3,5,0
2021-05-20,1385.3883270029692,4,5,0
2021-05-21,1268.1917368576824,5,5,0
2021-05-22,1290.1539210574986,6,5,1
2021-05-23,1230.9536552589484,7,5,1
2021-05-24,1303.2341554123118,1,5,0
2021-05-25,1335.0847159531286,2,5,0
2021-05-26,1306.737168064834,3,5,0
2021-05-27,1409.0014695934328,4,5,0
2021-05-28,1291.2318750984973,5,5,0
2021-05-29,1256.147577041747,6,5,1
2021-05-30,1338.031449434979,7,5,1
2021-05-31,1316.1208727694855,1,5,0
2021-06-01,1335.1094005008883,2,6,0
2021-06-02,1321.8053473066957,3,6,0
2021-06-03,1317.7789573773896,4,6,0
2021-06-04,1198.43693428292,5,6,0
2021-06-05,1267.194332621088,6,6,1
2021-06-06,1272.919349983919,7,6,1
2021-06-07,1283.9608107689003,1,6,0
2021-06-08,1277.8512145973496,2,6,0
2021-06-09,1319.8123111573611,3,6,0
2021-06-10,1328.1053567016743,4,6,0
2021-06-11,1240.3588018848955,5,6,0
2021-06-12,1330.1509244333165,6,6,1
2021-06-13,1323.9596888607027,7,6,1
2021-06-14,1316.8115708218324,1,6,0
2021-06-15,1221.4718248713173,2,6,0
2021-06-16,1313.2313330625436,3,6,0
2021-06-17,1294.1603379998746,4,6,0
2021-06-18,1336.8960953046717,5,6,0
2021-06-19,1376.8851287444231,6,6,1
2021-06-20,1365.8800528522693,7,6,1
2021-06-21,1290.9129099058482,1,6,0
2021-06-22,1283.986185105699,2,6,0
2021-06-23,1314.4722319457246,3,6,0
2021-06-24,1225.9139030411975,4,6,0
2021-06-25,1207.91951790148,5,6,0
2021-06-26,1255.6121183220962,6,6,1
2021-06-27,1339.0497734223056,7,6,1
2021-06-28,1260.2458083863296,1,6,0
2021-06-29,1350.7108893131851,2,6,0
2021-06-30,1134.9550555346186,3,6,0
2021-07-01,1193.7789789717497,4,7,0
2021-07-02,1265.733719334502,5,7,0
2021-07-03,1315.1075037665908,6,7,1
2021-07-04,1265.997517327416,7,7,1
2021-07-05,1263.4787148519888,1,7,0
2021-07-06,1260.9592502554256,2,7,0
2021-07-07,1177.6892125677768,3,7,0
2021-07-08,1322.5286259767345,4,7,0
2021-07-09,1229.2818443161439,5,7,0
2021-07-10,1316.695931566871,6,7,1
2021-07-11,1257.4971705293265,7,7,1
2021-07-12,1313.2407303870964,1,7,0
2021-07-13,1275.8108075048985,2,7,0
2021-07-14,1252.1357084490267,3,7,0
2021-07-15,1267.6108643053417,4,7,0
2021-07-16,1181.4845702716204,5,7,0
2021-07-17,1254.2783988386302,6,7,1
2021-07-18,1338.6307341782576,7,7,1
2021-07-19,1317.0989741058531,1,7,0
2021-07-20,1201.3079726426433,2,7,0
2021-07-21,1274.7230612998228,3,7,0
2021-07-22,1260.7276211644003,4,7,0
2021-07-23,1288.0886174854738,5,7,0
2021-07-24,1250.848616610464,6,7,1
2021-07-25,1233.3892044619329,7,7,1
2021-07-26,1310.5315048210773,1,7,0
2021-07-27,1253.767949978551,2,7,0
2021-07-28,1304.68254674647,3,7,0
2021-07-29,1289.6033593998382,4,7,0
2021-07-30,1223.6483672131856,5,7,0
2021-07-31,1230.5258049375645,6,7,1
2021-08-01,1334.3853825983658,7,8,1
2021-08-02,1246.5011114558022,1,8,0
2021-08-03,1198.0445349779338,2,8,0
2021-08-04,1175.0389098597313,3,8,0
2021-08-05,1282.8293949724552,4,8,0
2021-08-06,1241.2361608255665,5,8,0
2021-08-07,1192.7329961510586,6,8,1
2021-08-08,1265.2007815654986,7,8,1
2021-08-09,1238.6111532932127,1,8,0
2021-08-10,1146.7707751381959,2,8,0
2021-08-11,1258.418642014632,3,8,0
2021-08-12,1294.8531487208083,4,8,0
2021-08-13,1355.415170583922,5,8,0
2021-08-14,1228.4170055144025,6,8,1
2021-08-15,1237.5741218998096,7,8,1
2021-08-16,1305.562148894144,1,8,0
2021-08-17,1232.9803579381753,2,8,0
2021-08-18,1237.6448920691364,3,8,0
2021-08-19,1191.7023976752705,4,8,0
2021-08-20,1152.8923830852864,5,8,0
2021-08-21,1267.6459926542886,6,8,1
2021-08-22,1157.7565026515165,7,8,1
2021-08-23,1277.9145257691116,1,8,0
2021-08-24,1180.9437274235227,2,8,0
2021-08-25,1233.1078927753233,3,8,0
2021-08-26,1200.7509935596947,4,8,0
2021-08-27,1277.6374639560033,5,8,0
2021-08-28,1233.5174143750228,6,8,1
2021-08-29,1316.0225506503746,7,8,1
2021-08-30,1163.50190322703,1,8,0
2021-08-31,1238.0225222058557,2,8,0
2021-09-01,1219.3658736480031,3,9,0
2021-09-02,1230.6914462998968,4,9,0
2021-09-03,1296.2121295070315,5,9,0
2021-09-04,1245.4303212721459,6,9,1
2021-09-05,1158.5632665567182,7,9,1
2021-09-06,1242.417178311052,1,9,0
2021-09-07,1194.7899589729032,2,9,0
2021-09-08,1191.7598583926626,3,9,0
2021-09-09,1267.6047317721252,4,9,0
2021-09-10,1185.1068865096465,5,9,0
2021-09-11,1196.177325619776,6,9,1
2021-09-12,1216.7522630571489,7,9,1
2021-09-13,1262.4375131385398,1,9,0
2021-09-14,1244.2324352866447,2,9,0
2021-09-15,1203.4854761017,3,9,0
2021-09-16,1201.679357052724,4,9,0
2021-09-17,1157.3924618600868,5,9,0
2021-09-18,1177.5468764058178,6,9,1
2021-09-19,1182.9882905109773,7,9,1
2021-09-20,1208.4406379162447,1,9,0
2021-09-21,1315.470392835224,2,9,0
2021-09-22,1182.6151219113328,3,9,0
2021-09-23,1201.8828616779767,4,9,0
2021-09-24,1114.3695486411,5,9,0
2021-09-25,1247.3626645401084,6,9,1
2021-09-26,1138.8358442221104,7,9,1
2021-09-27,1172.7825523332788,1,9,0
2021-09-28,1270.662140353314,2,9,0
2021-09-29,1113.761912655578,3,9,0
2021-09-30,1224.296946646143,4,9,0
2021-10-01,1260.0696321352673,5,10,0
2021-10-02,1296.8472106980455,6,10,1
2021-10-03,1175.151802459963,7,10,1
2021-10-04,1190.5662601771912,1,10,0
2021-10-05,1312.6299165554121,2,10,0
2021-10-06,1221.8252020815248,3,10,0
2021-10-07,1186.964582344723,4,10,0
2021-10-08,1188.6324586259034,5,10,0
2021-10-09,1176.6372395822282,6,10,1
2021-10-10,1204.0690080534912,7,10,1
2021-10-11,1281.2803767953064,1,10,0
2021-10-12,1272.1034692781075,2,10,0
2021-10-13,1169.8764393414908,3,10,0
2021-10-14,1240.222911550061,4,10,0
2021-10-15,1210.3180194808886,5,10,0
2021-10-16,1270.5090418179918,6,10,1
2021-10-17,1224.5585309793444,7,10,1
2021-10-18,1251.9705824604728,1,10,0
2021-10-19,1226.5101009093607,2,10,0
2021-10-20,1126.1600976738994,3,10,0
2021-10-21,1238.9663993861395,4,10,0
2021-10-22,1174.158484165576,5,10,0
2021-10-23,1276.2592918121786,6,10,1
2021-10-24,1206.095806561477,7,10,1
2021-10-25,1211.0479859160869,1,10,0
2021-10-26,1242.0917717841608,2,10,0
2021-10-27,1272.6915630652643,3,10,0
2021-10-28,1236.606058115707,4,10,0
2021-10-29,1328.5199680878268,5,10,0
2021-10-30,1330.1952576013307,6,10,1
2021-10-31,1334.8970337809192,7,10,1
2021-11-01,1238.802354619309,1,11,0
2021-11-02,1177.8402366314094,2,11,0
2021-11-03,1314.3868630753332,3,11,0
2021-11-04,1234.0350804047698,4,11,0
2021-11-05,1258.2544096993643,5,11,0
2021-11-06,1289.2798963252908,6,11,1
2021-11-07,1179.1836142986895,7,11,1
2021-11-08,1342.4264751595474,1,11,0
2021-11-09,1306.3066337667717,2,11,0
2021-11-10,1281.7829982557173,3,11,0
2021-11-11,1310.348628754279,4,11,0
2021-11-12,1295.3059246699688,5,11,0
2021-11-13,1274.9770019488626,6,11,1
2021-11-14,1255.4456216645945,7,11,1
2021-11-15,1235.5970535770462,1,11,0
2021-11-16,1288.6554373228016,2,11,0
2021-11-17,1294.1157911052892,3,11,0
2021-11-18,1331.996478310182,4,11,0
2021-11-19,1289.6700443324617,5,11,0
2021-11-20,1238.7966941219543,6,11,1
2021-11-21,1204.4836827860804,7,11,1
2021-11-22,1278.7742048879907,1,11,0
2021-11-23,1285.654412469445,2,11,0
2021-11-24,1284.01539351494,3,11,0
2021-11-25,1214.304179503107,4,11,0
2021-11-26,1346.4797257100133,5,11,0
2021-11-27,1348.3309701578594,6,11,1
2021-11-28,1255.4941810327205,7,11,1
2021-11-29,1338.9320111958973,1,11,0
2021-11-30,1348.263988074585,2,11,0
2021-12-01,1304.548969820806,3,12,0
2021-12-02,1257.220041600011,4,12,0
2021-12-03,1387.34614258901,5,12,0
2021-12-04,1327.768512433568,6,12,1
2021-12-05,1298.228766978166,7,12,1
2021-12-06,1351.493470863048,1,12,0
2021-12-07,1396.044083768147,2,12,0
2021-12-08,1292.1695383764895,3,12,0
2021-12-09,1353.7035150452023,4,12,0
2021-12-10,1418.405718576824,5,12,0
2021-12-11,1267.5447921189896,6,12,1
2021-12-12,1298.045198097968,7,12,1
2021-12-13,1297.7590026823289,1,12,0
2021-12-14,1321.8878273941284,2,12,0
2021-12-15,1321.4659836941717,3,12,0
2021-12-16,1349.1724953677576,4,12,0
2021-12-17,1295.2890726928467,5,12,0
2021-12-18,1307.3563755690932,6,12,1
2021-12-19,1355.7418532148045,7,12,1
2021-12-20,1350.6162785685378,1,12,0
2021-12-21,1388.7731083915817,2,12,0
2021-12-22,1367.7398740349554,3,12,0
2021-12-23,1388.071527288103,4,12,0
2021-12-24,1294.5422282781815,5,12,0
2021-12-25,1334.732704570466,6,12,1
2021-12-26,1448.5387548639403,7,12,1
2021-12-27,1377.941935605258,1,12,0
2021-12-28,1397.927486915041,2,12,0
2021-12-29,1376.415401242556,3,12,0
2021-12-30,1386.2667928464396,4,12,0
2021-12-31,1355.6761330391746,5,12,0
2022-01-01,1548.0211220635902,6,1,1
2022-01-02,1351.8541706018402,7,1,1
2022-01-03,1371.9641817930747,1,1,0
2022-01-04,1254.8546636009823,2,1,0
2022-01-05,1433.6235026244792,3,1,0
2022-01-06,1352.9081570056892,4,1,0
2022-01-07,1379.6881719107446,5,1,0
2022-01-08,1358.5288545223364,6,1,1
2022-01-09,1380.1951671544055,7,1,1
2022-01-10,1375.110316063293,1,1,0
2022-01-11,1389.3583611978295,2,1,0
2022-01-12,1391.0520771677243,3,1,0
2022-01-13,1388.1570110263008,4,1,0
2022-01-14,1389.6414681843048,5,1,0
2022-01-15,1465.6217383697112,6,1,1
2022-01-16,1446.4190892760237,7,1,1
2022-01-17,1448.8642383879583,1,1,0
2022-01-18,1370.0045221136477,2,1,0
2022-01-19,1471.5933315518294,3,1,0
2022-01-20,1467.4498376774316,4,1,0
2022-01-21,1385.302237848989,5,1,0
2022-01-22,1491.2589414843508,6,1,1
2022-01-23,1382.9875017706079,7,1,1
2022-01-24,1327.1177683409776,1,1,0
2022-01-25,1476.3538585627018,2,1,0
2022-01-26,1417.3469951525371,3,1,0
2022-01-27,1474.201105319034,4,1,0
2022-01-28,1389.6632758753692,5,1,0
2022-01-29,1366.2890544286454,6,1,1
2022-01-30,1492.9606838164088,7,1,1
2022-01-31,1362.9781325667664,1,1,0
2022-02-01,1357.248991581962,2,2,0
2022-02-02,1340.9641867785442,3,2,0
2022-02-03,1299.4465607137327,4,2,0
2022-02-04,1389.1248081821605,5,2,0
2022-02-05,1334.5022707754747,6,2,1
2022-02-06,1443.0674127810212,7,2,1
2022-02-07,1334.8838073278544,1,2,0
2022-02-08,1393.8295591302185,2,2,0
2022-02-09,1566.966055913981,3,2,0
2022-02-10,1469.4196738548314,4,2,0
2022-02-11,1456.5846456536806,5,2,0
2022-02-12,1374.667677706374,6,2,1
2022-02-13,1445.1659494077262,7,2,1
2022-02-14,1461.5710903850083,1,2,0
2022-02-15,1380.605364040238,2,2,0
2022-02-16,1468.8507363404296,3,2,0
2022-02-17,1523.7588316229105,4,2,0
2022-02-18,1448.4176749058872,5,2,0
2022-02-19,1457.5796642681796,6,2,1
2022-02-20,1366.9247643323063,7,2,1
2022-02-21,1400.6328722451985,1,2,0
2022-02-22,1525.0208638888785,2,2,0
2022-02-23,1440.5763735717107,3,2,0
2022-02-24,1428.6620736081206,4,2,0
2022-02-25,1441.987906838013,5,2,0
2022-02-26,1475.1885342134062,6,2,1
2022-02-27,1421.5609136094631,7,2,1
2022-02-28,1487.2022211260921,1,2,0
2022-03-01,1414.2452516168066,2,3,0
2022-03-02,1522.2891706182136,3,3,0
2022-03-03,1432.0539621273563,4,3,0
2022-03-04,1552.2115505925597,5,3,0
2022-03-05,1486.961454327355,6,3,1
2022-03-06,1446.419159860502,7,3,1
2022-03-07,1535.485829297649,1,3,0
2022-03-08,1422.3722848165078,2,3,0
2022-03-09,1464.900886107049,3,3,0
2022-03-10,1493.3799465517616,4,3,0
2022-03-11,1488.427265629779,5,3,0
2022-03-12,1395.130365324183,6,3,1
2022-03-13,1450.5733244988471,7,3,1
2022-03-14,1506.0351997803623,1,3,0
2022-03-15,1432.6184004192344,2,3,0
2022-03-16,1562.895458698778,3,3,0
2022-03-17,1525.26543662445,4,3,0
2022-03-18,1475.6980259816885,5,3,0
2022-03-19,1491.2702108855626,6,3,1
2022-03-20,1596.2088532187518,7,3,1
2022-03-21,1550.746804219025,1,3,0
2022-03-22,1523.7459014827073,2,3,0
2022-03-23,1434.7173109870214,3,3,0
2022-03-24,1587.702786874091,4,3,0
2022-03-25,1559.5418441330942,5,3,0
2022-03-26,1500.1716302367245,6,3,1
2022-03-27,1480.7475938503762,7,3,1
2022-03-28,1499.4483451767178,1,3,0
2022-03-29,1449.3281670806196,2,3,0
2022-03-30,1486.437572312622,3,3,0
2022-03-31,1548.6570996813448,4,3,0
2022-04-01,1420.6106020033453,5,4,0
2022-04-02,1495.750909356622,6,4,1
2022-04-03,1517.575770202495,7,4,1
2022-04-04,1517.4701179527058,1,4,0
2022-04-05,1453.7190424737457,2,4,0
2022-04-06,1453.9028865437167,3,4,0
2022-04-07,1567.7839540496605,4,4,0
2022-04-08,1452.3849517585309,5,4,0
2022-04-09,1564.300306838656,6,4,1
2022-04-10,1489.9765492409585,7,4,1
2022-04-11,1568.282472713045,1,4,0
2022-04-12,1493.4074438942985,2,4,0
2022-04-13,1456.2774890324215,3,4,0
2022-04-14,1557.5395624825794,4,4,0
2022-04-15,1513.9242171908963,5,4,0
2022-04-16,1587.2758841226373,6,4,1
2022-04-17,1559.4817859556215,7,4,1
2022-04-18,1503.3967682158548,1,4,0
2022-04-19,1492.3527779180686,2,4,0
2022-04-20,1515.9447315034045,3,4,0
2022-04-21,1524.1986355225026,4,4,0
2022-04-22,1470.4849667672074,5,4,0
2022-04-23,1556.5260508705383,6,4,1
2022-04-24,1494.3901880154194,7,4,1
2022-04-25,1492.909075751756,1,4,0
2022-04-26,1486.8011633638432,2,4,0
2022-04-27,1525.1347924406596,3,4,0
2022-04-28,1478.7031021769064,4,4,0
2022-04-29,1519.7497258968683,5,4,0
2022-04-30,1651.0007854260257,6,4,1
2022-05-01,1509.633739801424,7,5,1
2022-05-02,1490.2319800600503,1,5,0
2022-05-03,1428.1404443279112,2,5,0
2022-05-04,1513.6036441800672,3,5,0
2022-05-05,1455.1738727099107,4,5,0
2022-05-06,1491.375899196013,5,5,0
2022-05-07,1517.2283743144517,6,5,1
2022-05-08,1422.5688138871542,7,5,1
2022-05-09,1516.4381231277946,1,5,0
2022-05-10,1523.2141629080065,2,5,0
2022-05-11,1442.5338602957218,3,5,0
2022-05-12,1487.1512231467466,4,5,0
2022-05-13,1414.5888829759695,5,5,0
2022-05-14,1584.230802200769,6,5,1
2022-05-15,1521.2958551950385,7,5,1
2022-05-16,1495.0789359617627,1,5,0
2022-05-17,1495.1563311558898,2,5,0
2022-05-18,1559.1495213509902,3,5,0
2022-05-19,1497.098108825323,4,5,0
2022-05-20,1517.5564742846964,5,5,0
2022-05-21,1576.136949341931,6,5,1
2022-05-22,1482.0679240594736,7,5,1
2022-05-23,1443.8966937709963,1,5,0
2022-05-24,1456.4373775848114,2,5,0
2022-05-25,1568.211716951212,3,5,0
2022-05-26,1500.448642216135,4,5,0
2022-05-27,1469.842361827534,5,5,0
2022-05-28,1542.706262844023,6,5,1
2022-05-29,1542.9708741000513,7,5,1
2022-05-30,1468.3238507062633,1,5,0
2022-05-31,1442.5273394903052,2,5,0
2022-06-01,1411.6008406578087,3,6,0
2022-06-02,1399.4215047210744,4,6,0
2022-06-03,1474.841346758546,5,6,0
2022-06-04,1442.3920810832099,6,6,1
2022-06-05,1578.9237544872647,7,6,1
2022-06-06,1487.8624836163135,1,6,0
2022-06-07,1386.7515505030885,2,6,0
2022-06-08,1553.7072602958997,3,6,0
2022-06-09,1489.7568885438563,4,6,0
2022-06-10,1515.8102052857284,5,6,0
2022-06-11,1513.5425870641236,6,6,1
2022-06-12,1493.1385324579098,7,6,1
2022-06-13,1503.3384134490764,1,6,0
2022-06-14,1487.9611011064069,2,6,0
2022-06-15,1419.547253974529,3,6,0
2022-06-16,1492.0388279552171,4,6,0
2022-06-17,1523.7258422726882,5,6,0
2022-06-18,1460.8492709116888,6,6,1
2022-06-19,1497.7323998828456,7,6,1
2022-06-20,1489.9561158324593,1,6,0
2022-06-21,1558.563304489807,2,6,0
2022-06-22,1453.9424046569998,3,6,0
2022-06-23,1450.7746096067463,4,6,0
2022-06-24,1458.319313704832,5,6,0
2022-06-25,1457.8341212265354,6,6,1
2022-06-26,1348.1077623756314,7,6,1
2022-06-27,1428.3908356632508,1,6,0
2022-06-28,1474.2964766277416,2,6,0
2022-06-29,1457.6690182893208,3,6,0
2022-06-30,1416.8937419790125,4,6,0
2022-07-01,1422.400337702362,5,7,0
2022-07-02,1436.6374995624387,6,7,1
2022-07-03,1413.1191876594262,7,7,1
2022-07-04,1426.326141741251,1,7,0
2022-07-05,1423.7918461027268,2,7,0
2022-07-06,1494.314867348639,3,7,0
2022-07-07,1499.1536627148846,4,7,0
2022-07-08,1493.8044369744755,5,7,0
2022-07-09,1467.2551702667733,6,7,1
2022-07-10,1409.303174485471,7,7,1
2022-07-11,1491.5148639271304,1,7,0
2022-07-12,1426.620181694671,2,7,0
2022-07-13,1442.3005188689938,3,7,0
2022-07-14,1506.8804595734682,4,7,0
2022-07-15,1442.9974247584885,5,7,0
2022-07-16,1449.9976522390803,6,7,1
2022-07-17,1365.837958180249,7,7,1
2022-07-18,1459.6791827609939,1,7,0
2022-07-19,1385.188963541293,2,7,0
2022-07-20,1483.6561345959421,3,7,0
2022-07-21,1422.708809874284,4,7,0
2022-07-22,1319.0201848261681,5,7,0
2022-07-23,1411.8281983514364,6,7,1
2022-07-24,1417.2392454200576,7,7,1
2022-07-25,1451.8381654223426,1,7,0
2022-07-26,1460.0255855354033,2,7,0
2022-07-27,1409.059909328891,3,7,0
2022-07-28,1475.0527403918477,4,7,0
2022-07-29,1265.0312827999683,5,7,0
2022-07-30,1386.6732793878696,6,7,1
2022-07-31,1365.7576051135632,7,7,1
2022-08-01,1357.6845853691689,1,8,0
2022-08-02,1467.4123137511824,2,8,0
2022-08-03,1459.9344760971771,3,8,0
2022-08-04,1378.7525727384711,4,8,0
2022-08-05,1475.5256234075657,5,8,0
2022-08-06,1420.7948193933737,6,8,1
2022-08-07,1393.7533886387503,7,8,1
2022-08-08,1379.3254001850455,1,8,0
2022-08-09,1374.210132217262,2,8,0
2022-08-10,1435.9332715488204,3,8,0
2022-08-11,1443.9921093274418,4,8,0
2022-08-12,1422.618674188042,5,8,0
2022-08-13,1307.4117751831436,6,8,1
2022-08-14,1423.9898101139474,7,8,1
2022-08-15,1436.7114671912227,1,8,0
2022-08-16,1374.2720283591816,2,8,0
2022-08-17,1409.206771736269,3,8,0
2022-08-18,1313.183583950103,4,8,0
2022-08-19,1344.2348641628107,5,8,0
2022-08-20,1388.8993713089194,6,8,1
2022-08-21,1389.0240386624905,7,8,1
2022-08-22,1421.5189830796085,1,8,0
2022-08-23,1344.035444295268,2,8,0
2022-08-24,1385.7917021368721,3,8,0
2022-08-25,1377.857205834738,4,8,0
2022-08-26,1428.2651038265694,5,8,0
2022-08-27,1472.4595904765529,6,8,1
2022-08-28,1487.0211102551973,7,8,1
2022-08-29,1322.1457806834494,1,8,0
2022-08-30,1397.7850776074858,2,8,0
2022-08-31,1344.2029026168298,3,8,0
2022-09-01,1396.2615320283344,4,9,0
2022-09-02,1420.3402317178482,5,9,0
2022-09-03,1402.9906158616798,6,9,1
2022-09-04,1396.2138348278086,7,9,1
2022-09-05,1472.5914957288433,1,9,0
2022-09-06,1434.2911069792563,2,9,0
2022-09-07,1384.4382047038016,3,9,0
2022-09-08,1399.1381749409668,4,9,0
2022-09-09,1441.3567557099268,5,9,0
2022-09-10,1428.213410962922,6,9,1
2022-09-11,1376.410036813742,7,9,1
2022-09-12,1308.869758281777,1,9,0
2022-09-13,1338.395343662636,2,9,0
2022-09-14,1404.951906394261,3,9,0
2022-09-15,1308.3798790636433,4,9,0
2022-09-16,1390.1684554362723,5,9,0
2022-09-17,1375.2204861273867,6,9,1
2022-09-18,1448.001270987811,7,9,1
2022-09-19,1332.305153628229,1,9,0
2022-09-20,1301.8167360585676,2,9,0
2022-09-21,1377.6502038962606,3,9,0
2022-09-22,1430.6267501803306,4,9,0
2022-09-23,1452.6702450196262,5,9,0
2022-09-24,1354.0231180619332,6,9,1
2022-09-25,1423.3472972043924,7,9,1
2022-09-26,1344.636761525343,1,9,0
2022-09-27,1363.170655163024,2,9,0
2022-09-28,1429.4251082326525,3,9,0
2022-09-29,1437.4158612621184,4,9,0
2022-09-30,1352.031888562705,5,9,0
2022-10-01,1426.26806594886,6,10,1
2022-10-02,1309.6500082135042,7,10,1
2022-10-03,1393.5235125261659,1,10,0
2022-10-04,1347.5551013752674,2,10,0
2022-10-05,1364.5231333754245,3,10,0
2022-10-06,1341.7743417033873,4,10,0
2022-10-07,1433.959098825156,5,10,0
2022-10-08,1434.7004740128582,6,10,1
2022-10-09,1373.2050334939624,7,10,1
2022-10-10,1427.3317336469706,1,10,0
2022-10-11,1422.432980629608,2,10,0
2022-10-12,1403.7925781327622,3,10,0
2022-10-13,1518.998464461937,4,10,0
2022-10-14,1369.9496769578561,5,10,0
2022-10-15,1413.6412607701714,6,10,1
2022-10-16,1394.767670147992,7,10,1
2022-10-17,1396.2875166092883,1,10,0
2022-10-18,1423.8649485750584,2,10,0
2022-10-19,1402.2205762478036,3,10,0
2022-10-20,1374.9930562011984,4,10,0
2022-10-21,1425.327652015694,5,10,0
2022-10-22,1479.3624139797798,6,10,1
2022-10-23,1468.5411902272615,7,10,1
2022-10-24,1432.739425601902,1,10,0
2022-10-25,1387.02877802979,2,10,0
2022-10-26,1434.358393054749,3,10,0
2022-10-27,1480.534016521342,4,10,0
2022-10-28,1487.1527121220129,5,10,0
2022-10-29,1446.8951824638953,6,10,1
2022-10-30,1412.0365045187293,7,10,1
2022-10-31,1421.485966700776,1,10,0
2022-11-01,1471.6205872141722,2,11,0
2022-11-02,1468.7554701801148,3,11,0
2022-11-03,1347.9979567565201,4,11,0
2022-11-04,1470.2832229093722,5,11,0
2022-11-05,1474.41051110074,6,11,1
2022-11-06,1396.0043199322688,7,11,1
2022-11-07,1403.6563785131382,1,11,0
2022-11-08,1405.6122099870404,2,11,0
2022-11-09,1411.0453771854636,3,11,0
2022-11-10,1375.831939792432,4,11,0
2022-11-11,1463.957387707942,5,11,0
2022-11-12,1410.6723277652259,6,11,1
2022-11-13,1448.1164043658441,7,11,1
2022-11-14,1428.4558986193726,1,11,0
2022-11-15,1467.8130433646697,2,11,0
2022-11-16,1406.2638714740358,3,11,0
2022-11-17,1470.8189068615288,4,11,0
2022-11-18,1479.825588972957,5,11,0
2022-11-19,1503.5167731564334,6,11,1
2022-11-20,1562.3452243805152,7,11,1
2022-11-21,1361.1902366432023,1,11,0
2022-11-22,1483.6680297071441,2,11,0
2022-11-23,1434.0691892235866,3,11,0
2022-11-24,1375.167039009062,4,11,0
2022-11-25,1515.411355536221,5,11,0
2022-11-26,1541.8664628779832,6,11,1
2022-11-27,1457.6180973212072,7,11,1
2022-11-28,1489.7042540745456,1,11,0
2022-11-29,1477.9290686066315,2,11,0
2022-11-30,1504.8323283886618,3,11,0
2022-12-01,1529.153403434601,4,12,0
2022-12-02,1504.3918396943848,5,12,0
2022-12-03,1506.4655622989667,6,12,1
2022-12-04,1554.2092678885385,7,12,1
2022-12-05,1485.0475286299377,1,12,0
2022-12-06,1541.50442964435,2,12,0
2022-12-07,1456.3336382660632,3,12,0
2022-12-08,1579.8817930467674,4,12,0
2022-12-09,1538.5236574010082,5,12,0
2022-12-10,1483.5597333460155,6,12,1
2022-12-11,1400.14562647628,7,12,1
2022-12-12,1507.9923416778133,1,12,0
2022-12-13,1451.0612862734017,2,12,0
2022-12-14,1527.285914405577,3,12,0
2022-12-15,1587.0231116284049,4,12,0
2022-12-16,1524.6357130392294,5,12,0
2022-12-17,1509.9072179833572,6,12,1
2022-12-18,1538.0998202129308,7,12,1
2022-12-19,1537.4598388211691,1,12,0
2022-12-20,1407.2274801592398,2,12,0
2022-12-21,1539.6159611370977,3,12,0
2022-12-22,1560.7859905945581,4,12,0
2022-12-23,1519.0121137954295,5,12,0
2022-12-24,1583.1177841622819,6,12,1
2022-12-25,1530.0197913971053,7,12,1
2022-12-26,1576.9696954437884,1,12,0
2022-12-27,1654.4932886307824,2,12,0
2022-12-28,1538.2382823864018,3,12,0
2022-12-29,1448.1720560885042,4,12,0
2022-12-30,1530.6704137962195,5,12,0
2022-12-31,1463.4268353760797,6,12,1
2023-01-01,1582.5040524842943,7,1,1
2023-01-02,1619.6295154239797,1,1,0
2023-01-03,1591.174225766109,2,1,0
2023-01-04,1574.6118905110582,3,1,0
2023-01-05,1528.5638968685055,4,1,0
2023-01-06,1641.8032917882592,5,1,0
2023-01-07,1602.8916878112923,6,1,1
2023-01-08,1581.6543599029055,7,1,1
2023-01-09,1579.872330370476,1,1,0
2023-01-10,1577.4040389168244,2,1,0
2023-01-11,1596.6212711848325,3,1,0
2023-01-12,1545.5257923473364,4,1,0
2023-01-13,1654.629773300766,5,1,0
2023-01-14,1588.152317155316,6,1,1
2023-01-15,1612.6985382770356,7,1,1
2023-01-16,1563.1698794045897,1,1,0
2023-01-17,1605.7380491443,2,1,0
2023-01-18,1475.0393448539123,3,1,0
2023-01-19,1535.3373460365033,4,1,0
2023-01-20,1591.796954558314,5,1,0
2023-01-21,1529.3487987862338,6,1,1
2023-01-22,1719.5370438176192,7,1,1
2023-01-23,1516.244733225128,1,1,0
2023-01-24,1619.0143977130285,2,1,0
2023-01-25,1686.5662169287516,3,1,0
2023-01-26,1629.8872871446451,4,1,0
2023-01-27,1592.3436494212162,5,1,0
2023-01-28,1582.2661798199395,6,1,1
2023-01-29,1645.54032945463,7,1,1
2023-01-30,1573.8535603330831,1,1,0
2023-01-31,1609.8672552461173,2,1,0
2023-02-01,1652.360447439734,3,2,0
2023-02-02,1604.3495799879468,4,2,0
2023-02-03,1626.0456761385472,5,2,0
2023-02-04,1608.3757127179294,6,2,1
2023-02-05,1576.982788520733,7,2,1
2023-02-06,1686.8052112476198,1,2,0
2023-02-07,1698.8579868732363,2,2,0
2023-02-08,1615.2082323938498,3,2,0
2023-02-09,1619.5841481695688,4,2,0
2023-02-10,1625.768494875234,5,2,0
2023-02-11,1663.3845255645833,6,2,1
2023-02-12,1592.94026346029,7,2,1
2023-02-13,1635.5195674275353,1,2,0
2023-02-14,1654.8136149866348,2,2,0
2023-02-15,1675.4665112989535,3,2,0
2023-02-16,1505.9998385523277,4,2,0
2023-02-17,1666.8673692480813,5,2,0
2023-02-18,1665.6229189438102,6,2,1
2023-02-19,1700.327894523375,7,2,1
2023-02-20,1625.2163843460428,1,2,0
2023-02-21,1627.1769054122242,2,2,0
2023-02-22,1714.7619381509528,3,2,0
2023-02-23,1577.9960705932754,4,2,0
2023-02-24,1739.1021698993113,5,2,0
2023-02-25,1786.911785597972,6,2,1
2023-02-26,1684.434424798692,7,2,1
2023-02-27,1702.6866328315834,1,2,0
2023-02-28,1588.8973104726128,2,2,0
2023-03-01,1630.0176461380809,3,3,0
2023-03-02,1718.9822978730294,4,3,0
2023-03-03,1685.497518343448,5,3,0
2023-03-04,1659.6267614946164,6,3,1
2023-03-05,1681.6065435822015,7,3,1
2023-03-06,1696.550205496277,1,3,0
2023-03-07,1657.7580137641817,2,3,0
2023-03-08,1672.1498315228264,3,3,0
2023-03-09,1672.9387996179728,4,3,0
2023-03-10,1623.2697738117456,5,3,0
2023-03-11,1693.1653371921445,6,3,1
2023-03-12,1768.2389344733688,7,3,1
2023-03-13,1765.703758138825,1,3,0
2023-03-14,1606.3035178666028,2,3,0
2023-03-15,1709.6445393810668,3,3,0
2023-03-16,1715.8491828107742,4,3,0
2023-03-17,1662.4808690439686,5,3,0
2023-03-18,1635.7000437816223,6,3,1
2023-03-19,1618.7441184419833,7,3,1
2023-03-20,1663.3954580846594,1,3,0
2023-03-21,1703.94783850557,2,3,0
2023-03-22,1679.3320354510358,3,3,0
2023-03-23,1657.4465950955773,4,3,0
2023-03-24,1626.2643893742484,5,3,0
2023-03-25,1706.9576036088101,6,3,1
2023-03-26,1743.4190219631907,7,3,1
2023-03-27,1644.3863987090908,1,3,0
2023-03-28,1713.7649903229926,2,3,0
2023-03-29,1597.9512389284482,3,3,0
2023-03-30,1659.6035447509269,4,3,0
2023-03-31,1729.479279949407,5,3,0
2023-04-01,1637.6033053959927,6,4,1
2023-04-02,1663.7327918281142,7,4,1
2023-04-03,1765.2863129803382,1,4,0
2023-04-04,1658.1495170739122,2,4,0
2023-04-05,1652.4686492139538,3,4,0
2023-04-06,1724.3029492066032,4,4,0
2023-04-07,1793.5623630845062,5,4,0
2023-04-08,1684.1279090346395,6,4,1
2023-04-09,1734.8045520391643,7,4,1
2023-04-10,1763.8832740021335,1,4,0
2023-04-11,1713.070263342027,2,4,0
2023-04-12,1683.4654741052962,3,4,0
2023-04-13,1653.2847181319626,4,4,0
2023-04-14,1625.951271616853,5,4,0
2023-04-15,1752.8788655575968,6,4,1
2023-04-16,1706.3949121435091,7,4,1
2023-04-17,1764.0118288198762,1,4,0
2023-04-18,1746.81436548053,2,4,0
2023-04-19,1666.4876319998364,3,4,0
2023-04-20,1637.9317793440243,4,4,0
2023-04-21,1717.8216137763889,5,4,0
2023-04-22,1665.447048886737,6,4,1
2023-04-23,1715.7635292693453,7,4,1
2023-04-24,1660.2007657228692,1,4,0
2023-04-25,1653.499200349558,2,4,0
2023-04-26,1689.286039755433,3,4,0
2023-04-27,1742.7889600938902,4,4,0
2023-04-28,1711.132727028628,5,4,0
2023-04-29,1754.4199778309426,6,4,1
2023-04-30,1633.4925467181708,7,4,1
2023-05-01,1641.960355728376,1,5,0
2023-05-02,1689.9740320169667,2,5,0
2023-05-03,1802.3099748999598,3,5,0
2023-05-04,1727.3068536199826,4,5,0
2023-05-05,1639.8047827701544,5,5,0
2023-05-06,1688.8467824967063,6,5,1
2023-05-07,1703.1837341721575,7,5,1
2023-05-08,1663.1839991002112,1,5,0
2023-05-09,1721.7287350606966,2,5,0
2023-05-10,1682.6660972284637,3,5,0
2023-05-11,1674.9223253685707,4,5,0
2023-05-12,1752.279522112825,5,5,0
2023-05-13,1603.1391559768454,6,5,1
2023-05-14,1639.8654883194142,7,5,1
2023-05-15,1646.4022422955572,1,5,0
2023-05-16,1644.174307510783,2,5,0
2023-05-17,1649.390470424129,3,5,0
2023-05-18,1709.5011388422427,4,5,0
2023-05-19,1739.1330278418707,5,5,0
2023-05-20,1729.317698753703,6,5,1
2023-05-21,1631.7273649972062,7,5,1
2023-05-22,1676.5053865310897,1,5,0
2023-05-23,1703.641720670074,2,5,0
2023-05-24,1692.1625539367644,3,5,0
2023-05-25,1744.5658952047092,4,5,0
2023-05-26,1644.610515013232,5,5,0
2023-05-27,1685.274897296059,6,5,1
2023-05-28,1656.8625081087607,7,5,1
2023-05-29,1688.1267557706697,1,5,0
2023-05-30,1620.6613934671004,2,5,0
2023-05-31,1627.177295296699,3,5,0
2023-06-01,1636.1217277214448,4,6,0
2023-06-02,1643.432485209634,5,6,0
2023-06-03,1747.9868326324843,6,6,1
2023-06-04,1728.3219741498212,7,6,1
2023-06-05,1657.8675504612584,1,6,0
2023-06-06,1676.0822605920375,2,6,0
2023-06-07,1586.6372267601269,3,6,0
2023-06-08,1656.3061791928233,4,6,0
2023-06-09,1672.1521087385631,5,6,0
2023-06-10,1720.3454419371344,6,6,1
2023-06-11,1678.2810842062013,7,6,1
2023-06-12,1682.4552070323602,1,6,0
2023-06-13,1674.5594264148722,2,6,0
2023-06-14,1671.973127003528,3,6,0
2023-06-15,1587.5285904760522,4,6,0
2023-06-16,1635.3643346310787,5,6,0
2023-06-17,1726.7749069501383,6,6,1
2023-06-18,1695.0469136744418,7,6,1
2023-06-19,1677.3790139326147,1,6,0
2023-06-20,1654.8124240337593,2,6,0
2023-06-21,1683.2527710811348,3,6,0
2023-06-22,1601.835449244347,4,6,0
2023-06-23,1568.8718396445704,5,6,0
2023-06-24,1627.561573100421,6,6,1
2023-06-25,1672.3498278679087,7,6,1
2023-06-26,1649.630142036777,1,6,0
2023-06-27,1693.719261678827,2,6,0
2023-06-28,1659.3747491284764,3,6,0
2023-06-29,1642.8239538334306,4,6,0
2023-06-30,1705.7349473896509,5,6,0
2023-07-01,1694.7580892340047,6,7,1
2023-07-02,1632.0135909163146,7,7,1
2023-07-03,1580.545283648743,1,7,0
2023-07-04,1589.110597650645,2,7,0
2023-07-05,1625.188795162446,3,7,0
2023-07-06,1613.7057558356576,4,7,0
2023-07-07,1713.7222157818635,5,7,0
2023-07-08,1545.6184748075107,6,7,1
2023-07-09,1625.207190963552,7,7,1
2023-07-10,1573.9079743362367,1,7,0
2023-07-11,1631.8634348730966,2,7,0
2023-07-12,1643.945952665243,3,7,0
2023-07-13,1603.403059735325,4,7,0
2023-07-14,1648.9935036610145,5,7,0
2023-07-15,1611.366434926592,6,7,1
2023-07-16,1611.1636700893907,7,7,1
2023-07-17,1598.0824962091328,1,7,0
2023-07-18,1650.3699325092302,2,7,0
2023-07-19,1623.61436909173,3,7,0
2023-07-20,1694.2211332666866,4,7,0
2023-07-21,1677.9400125741458,5,7,0
2023-07-22,1641.017357305552,6,7,1
2023-07-23,1504.257121174601,7,7,1
2023-07-24,1536.9245567323214,1,7,0
2023-07-25,1659.3769327579294,2,7,0
2023-07-26,1585.2180380267919,3,7,0
2023-07-27,1619.6903094488653,4,7,0
2023-07-28,1575.385560649168,5,7,0
2023-07-29,1631.778380758426,6,7,1
2023-07-30,1652.7722264938564,7,7,1
2023-07-31,1543.3944316761417,1,7,0
2023-08-01,1562.215189624038,2,8,0
2023-08-02,1518.7405745172211,3,8,0
2023-08-03,1612.6463217373732,4,8,0
2023-08-04,1516.7770527174914,5,8,0
2023-08-05,1580.8186884646357,6,8,1
2023-08-06,1624.202032097393,7,8,1
2023-08-07,1700.2422404112558,1,8,0
2023-08-08,1614.8924571180398,2,8,0
2023-08-09,1658.2679556391627,3,8,0
2023-08-10,1607.752470804332,4,8,0
2023-08-11,1609.4465347483422,5,8,0
2023-08-12,1582.6474686899874,6,8,1
2023-08-13,1573.2591524071167,7,8,1
2023-08-14,1650.3907848884369,1,8,0
2023-08-15,1609.6753566305308,2,8,0
2023-08-16,1607.047125876632,3,8,0
2023-08-17,1559.1354815697978,4,8,0
2023-08-18,1571.6257123437188,5,8,0
2023-08-19,1691.6078413957523,6,8,1
2023-08-20,1584.2360471995316,7,8,1
2023-08-21,1653.319998842896,1,8,0
2023-08-22,1560.4224289254244,2,8,0
2023-08-23,1625.9589221991525,3,8,0
2023-08-24,1599.8417853101862,4,8,0
2023-08-25,1564.6605395882516,5,8,0
2023-08-26,1616.7927250548335,6,8,1
2023-08-27,1506.7352566135128,7,8,1
2023-08-28,1612.206165710752,1,8,0
2023-08-29,1622.4129441205996,2,8,0
2023-08-30,1596.3394466006434,3,8,0
2023-08-31,1647.8755529542607,4,8,0
2023-09-01,1578.593756867968,5,9,0
2023-09-02,1574.2373085044928,6,9,1
2023-09-03,1599.1680473819092,7,9,1
2023-09-04,1624.5497324035402,1,9,0
2023-09-05,1609.4315627132025,2,9,0
2023-09-06,1569.4109836609307,3,9,0
2023-09-07,1530.8095355217583,4,9,0
2023-09-08,1613.601569693518,5,9,0
2023-09-09,1540.8333016568,6,9,1
2023-09-10,1539.3101172629445,7,9,1
2023-09-11,1547.431683196648,1,9,0
2023-09-12,1583.0173406748047,2,9,0
2023-09-13,1540.3133950867452,3,9,0
2023-09-14,1523.3685433043336,4,9,0
2023-09-15,1547.2641244747042,5,9,0
2023-09-16,1571.1215898140485,6,9,1
2023-09-17,1603.113168344017,7,9,1
2023-09-18,1583.901976373638,1,9,0
2023-09-19,1526.6842400395578,2,9,0
2023-09-20,1592.3382915821699,3,9,0
2023-09-21,1597.270017046566,4,9,0
2023-09-22,1558.640434079927,5,9,0
2023-09-23,1541.8620121318604,6,9,1
2023-09-24,1542.1579611868112,7,9,1
2023-09-25,1555.7434939823054,1,9,0
2023-09-26,1693.4203857352545,2,9,0
2023-09-27,1538.6584080019693,3,9,0
2023-09-28,1596.8453302902083,4,9,0
2023-09-29,1548.3032043158803,5,9,0
2023-09-30,1559.201770237115,6,9,1
2023-10-01,1549.716327832191,7,10,1
2023-10-02,1625.6351181713603,1,10,0
2023-10-03,1605.111849311609,2,10,0
2023-10-04,1580.3003126321444,3,10,0
2023-10-05,1612.5548477177706,4,10,0
2023-10-06,1625.2514940742967,5,10,0
2023-10-07,1546.2420267381315,6,10,1
2023-10-08,1616.8693711504163,7,10,1
2023-10-09,1554.3834715395208,1,10,0
2023-10-10,1632.9493796844667,2,10,0
2023-10-11,1628.8792769421668,3,10,0
2023-10-12,1612.900318384273,4,10,0
2023-10-13,1583.0936374215562,5,10,0
2023-10-14,1568.1881446587943,6,10,1
2023-10-15,1582.2445713008597,7,10,1
2023-10-16,1634.8447598154467,1,10,0
2023-10-17,1563.2599650574255,2,10,0
2023-10-18,1600.8779103690017,3,10,0
2023-10-19,1512.0589027911974,4,10,0
2023-10-20,1613.5331271320254,5,10,0
2023-10-21,1549.8398562466598,6,10,1
2023-10-22,1536.8389950503276,7,10,1
2023-10-23,1629.8386153253684,1,10,0
2023-10-24,1615.604077688157,2,10,0
2023-10-25,1584.1297442373364,3,10,0
2023-10-26,1592.4321292463103,4,10,0
2023-10-27,1722.35355372688,5,10,0
2023-10-28,1600.386034354515,6,10,1
2023-10-29,1601.350028071696,7,10,1
2023-10-30,1645.3696284847774,1,10,0
2023-10-31,1618.4842210358372,2,10,0
2023-11-01,1664.8897133351256,3,11,0
2023-11-02,1630.8105995306594,4,11,0
2023-11-03,1656.4373944903382,5,11,0
2023-11-04,1642.0188653190003,6,11,1
2023-11-05,1653.611282340446,7,11,1
2023-11-06,1620.7312426902236,1,11,0
2023-11-07,1635.5318231877773,2,11,0
2023-11-08,1612.4186402328928,3,11,0
2023-11-09,1657.766992680923,4,11,0
2023-11-10,1561.8674849238764,5,11,0
2023-11-11,1667.1096057247469,6,11,1
2023-11-12,1682.359565214712,7,11,1
2023-11-13,1671.2236850661448,1,11,0
2023-11-14,1630.6294517959916,2,11,0
2023-11-15,1662.8156278501833,3,11,0
2023-11-16,1600.4657898804455,4,11,0
2023-11-17,1682.9107488117575,5,11,0
2023-11-18,1587.875773646187,6,11,1
2023-11-19,1674.3235999589785,7,11,1
2023-11-20,1673.0896396416515,1,11,0
2023-11-21,1668.6317169690979,2,11,0
2023-11-22,1627.7981307761243,3,11,0
2023-11-23,1690.0356429523008,4,11,0
2023-11-24,1562.0567295264377,5,11,0
2023-11-25,1694.6909149892858,6,11,1
2023-11-26,1667.3283641598837,7,11,1
2023-11-27,1712.247416473263,1,11,0
2023-11-28,1671.6608885092721,2,11,0
2023-11-29,1755.5424129527753,3,11,0
2023-11-30,1618.531478311595,4,11,0
2023-12-01,1698.0969819134991,5,12,0
2023-12-02,1625.3447484519288,6,12,1
2023-12-03,1665.3577568032474,7,12,1
2023-12-04,1710.8410701270905,1,12,0
2023-12-05,1707.0521560492937,2,12,0
2023-12-06,1781.8281350972863,3,12,0
2023-12-07,1662.3633227074642,4,12,0
2023-12-08,1746.3276129182418,5,12,0
2023-12-09,1671.4173784258533,6,12,1
2023-12-10,1651.2027056263537,7,12,1
2023-12-11,1607.2253557599124,1,12,0
2023-12-12,1698.6414088294785,2,12,0
2023-12-13,1666.5864764311327,3,12,0
2023-12-14,1737.1800527380342,4,12,0
2023-12-15,1670.5446327416596,5,12,0
2023-12-16,1675.3026455203078,6,12,1
2023-12-17,1719.0406125211302,7,12,1
2023-12-18,1789.5503399201075,1,12,0
2023-12-19,1651.2448349688682,2,12,0
2023-12-20,1758.7513258184517,3,12,0
2023-12-21,1753.7743829233405,4,12,0
2023-12-22,1701.2248242702517,5,12,0
2023-12-23,1748.2500097609818,6,12,1
2023-12-24,1702.4760089388824,7,12,1
2023-12-25,1837.4729428275177,1,12,0
2023-12-26,1715.514992732014,2,12,0
2023-12-27,1727.3587379553078,3,12,0
2023-12-28,1709.2682583801839,4,12,0
2023-12-29,1643.1059620088395,5,12,0
2023-12-30,1716.8423310060907,6,12,1
2023-12-31,1743.8231841925285,7,12,1
